{"bp_rp":[0.58959,1.02313,0.47318,0.77135,0.76447,0.4042,0.93393,0.94885,0.55526,0.60927,0.48878,0.44342,0.46131,1.02138,0.86093,0.79592,0.83957,1.0666,0.88019,0.85304,0.95981,0.80871,0.89792,0.59722,0.77487,0.55365,0.53531,0.42243,0.82736,0.40279,0.62224,0.65617,0.77001,0.53511,0.63481,0.67347,0.55888,0.98433,1.05052,0.7711,0.96043,0.84065,0.52661,0.92706,0.76437,0.99529,0.98473,1.04852,0.58599,0.43864,0.55307,0.43944,0.52585,0.36862,1.09725,0.86769,0.93938,0.939,0.9304,0.68173,0.97493,0.84328,0.53615,0.95396,0.49199,0.75801,0.83866,1.441,0.77323,0.89259,0.64257,0.71324,0.82597,0.46101,0.86539,0.87566,0.81119,0.74199,0.54412,0.36502,0.60833,0.72834,0.76053,0.66874,0.72142,0.49617,0.45245,0.29905,0.89933,0.69726,0.85819,0.89326,1.11928,0.89958,0.98163,0.42207,0.75087,0.92294,1.03264,0.88117,0.98866,0.75309,0.34374,0.84052,0.88358,0.62315,1.22472,0.95029,0.89383,0.99525,0.59034,0.9237,0.32499,0.79904,0.33477,0.86094,0.71734,0.7972,0.64576,0.81137,0.5707,0.81926,0.47338,0.59918,1.11064,1.17749,0.35109,0.54846,0.48139,1.19089,0.71748,0.79847,1.13135,1.29313,1.12226,0.52519,0.9415,0.44931,0.63683,0.6959,0.48721,0.93395,0.37871,0.56151,0.46443,0.33283,0.46333,0.33195,0.92036,0.90481,0.94728,0.43266,0.61111,0.4581,0.91489,0.48229,0.04653,0.73858,1.22949,1.06925,0.74925,0.93758,0.99963,0.73262,0.78051,0.85219,0.93141,0.7756,0.8454,0.92268,1.02124,0.58704,0.91737,0.68136,1.1832,0.54164,0.46388,0.76828,0.41677,0.85754],"g":[13.32494,15.85166,13.29524,14.57279,14.53419,12.55113,15.16965,15.71199,13.35236,13.24897,11.27217,12.98916,13.12094,15.82795,15.23969,14.88478,15.08742,15.37983,15.28313,15.10943,15.63758,15.9365,15.24166,13.722,14.24996,12.44719,13.31665,11.62329,14.92845,11.38065,13.85376,14.00473,13.94218,13.16552,13.91907,13.95195,13.66524,15.89398,15.51155,14.56236,15.71417,15.08589,13.49239,15.30816,13.91128,15.7228,15.0635,15.31437,13.37828,12.06987,13.37389,13.05249,13.29995,11.12433,15.82055,14.47682,15.15617,14.86387,15.22183,13.99126,15.47913,14.96419,13.38792,15.59007,13.27974,14.07723,14.92716,11.28753,14.2616,15.45675,13.93176,14.06126,14.96482,12.89803,14.95832,15.15647,14.69192,14.4106,13.42513,11.8826,13.75962,14.34869,14.55028,13.92067,14.35104,13.15215,12.2996,12.05395,15.46438,13.782,15.02156,14.84748,15.85396,14.79513,15.53567,12.09288,13.57263,15.47461,15.74878,14.93487,15.82181,14.5973,12.38174,15.101,15.03838,13.75092,11.30237,15.58843,15.29535,15.94111,13.71466,15.58985,12.36534,14.64132,12.53093,14.50953,14.36687,14.6052,13.40751,14.21739,13.47802,14.44582,13.0693,13.76812,15.27045,15.90674,11.39236,13.37026,13.03516,15.99562,13.6033,14.6765,15.80756,11.43803,15.96286,13.22874,14.53386,13.04786,13.88201,14.32134,12.52665,15.61777,12.68485,13.4206,10.73316,11.20869,12.5679,12.04365,15.06722,15.34412,15.37771,12.03424,13.71743,12.14308,15.4466,12.44173,11.25993,14.36189,11.10288,15.39022,14.46176,15.20014,15.5096,14.43139,14.66426,15.07677,15.57537,14.48434,14.95695,14.70493,15.42008,13.68421,15.52919,14.1254,11.36046,13.4353,13.2071,14.74156,11.4036,14.89827]}