{"bp_rp":[0.58704,0.63683,0.59918,0.59722,0.04653,0.63481,0.55365,0.54412,0.69726,0.59034,0.62315,0.66874,0.46101,0.36502],"g":[13.68421,13.88201,13.76812,13.722,11.25993,13.91907,12.44719,13.42513,13.782,13.71466,13.75092,13.92067,12.89803,11.8826]}